Feature,Importance
dti_ratio,0.2986555638574732
loan_int_rate,0.21010566331730088
person_income,0.19523976903968615
loan_amnt,0.0974424376145949
person_age,0.07724306550898168
emp_length_category,0.04554827441237077
interest_rate_category,0.028457501321293294
income_group,0.01804460251797029
age_group,0.0173455739297656
loan_amount_category,0.011917548480563091
