{
    "Model": "SVM",
    "Accuracy": 0.9136105570047568,
    "Precision": 0.9273631840796019,
    "Recall": 0.6554149085794655,
    "F1_Score": 0.7680263700041203
}